{"cameraMode":{"drawMode":0,"name":"Shaded","section":"Shading Mode"},"sceneLighting":true,"audioPlay":false,"sceneViewState":{"showFog":true,"showMaterialUpdate":false,"showSkybox":true,"showFlares":true,"showImageEffects":true,"showParticleSystems":true},"in2DMode":false,"pivot":{"x":-4.149946212768555,"y":-2.0912322998046877,"z":-2.8335318565368654},"rotation":{"x":0.09205906093120575,"y":-0.8851721882820129,"z":0.19840319454669953,"w":0.4106788635253906},"size":8.995226860046387,"orthographic":false}