{"cameraMode":{"drawMode":0,"name":"Shaded","section":"Shading Mode"},"sceneLighting":true,"audioPlay":false,"sceneViewState":{"showFog":true,"showMaterialUpdate":false,"showSkybox":true,"showFlares":true,"showImageEffects":true,"showParticleSystems":true},"in2DMode":false,"pivot":{"x":-0.27832698822021487,"y":-0.8483676910400391,"z":3.710193634033203},"rotation":{"x":-0.06441090255975723,"y":0.9304826259613037,"z":-0.30043065547943118,"w":-0.19949296116828919},"size":13.177031517028809,"orthographic":false}