{"cameraMode":{"drawMode":0,"name":"Shaded","section":"Shading Mode"},"sceneLighting":true,"audioPlay":false,"sceneViewState":{"showFog":true,"showMaterialUpdate":false,"showSkybox":true,"showFlares":true,"showImageEffects":true,"showParticleSystems":true},"in2DMode":false,"pivot":{"x":0.003896474838256836,"y":2.1544463634490969,"z":-0.39980506896972659},"rotation":{"x":-0.05068656802177429,"y":0.803483784198761,"z":-0.06911240518093109,"w":-0.5891585350036621},"size":5.276825428009033,"orthographic":false}